Size,Start,diff,side,End,diff,side
70,20885,-93,end,20954,34,start
2842,23937,7,end,26778,95,start
15214,11724,-4,end,26937,19,start
96,29188,18,start,29283,-56,end
55,28857,-8,end,28911,3,end
72,26901,-6,end,26972,-6,start
17873,1340,-3,start,19212,10,end
293,1603,20,start,1895,-20,end
70,7667,5,start,7736,11,start
81,27487,-14,end,27567,-7,end
123,1346,-9,start,1468,72,start
94,3193,-10,start,3286,-76,end
58,28138,-34,end,28195,-5,start
76,15840,15,start,15915,2,start
74,12934,-14,end,13007,-87,end
80,16565,-57,end,16644,48,start
136,16936,50,start,17071,11,start
68,16406,2,end,16473,10,start
69,20897,91,start,20965,23,start
72,2252,-2,end,2323,-73,end
93,2731,49,start,2823,3,start
51,20458,14,start,20508,-11,end
52,20422,-17,end,20473,-1,start
93,17557,58,start,17649,-7,end
112,19241,11,start,19352,-75,end
68,26881,-8,start,26948,8,start
10107,15770,85,start,25876,75,start
96,16254,6,end,16349,37,start
57,358,-14,end,414,-6,start
72,26373,-13,end,26444,-84,end
136,24665,85,start,24800,14,start
109,28551,-15,end,28659,-61,end
18070,10764,21,start,28833,-6,start
57,19160,23,start,19216,6,end
95,3174,3,end,3268,-58,end
63,29161,0,end,29223,4,end
64,26595,-3,start,26658,3,end
387,19723,87,start,20109,8,end
118,28420,-4,end,28537,-1,end
55,18711,-59,end,18765,104,start
2275,22311,-37,end,24585,-18,end
16636,12566,-20,end,29201,5,start
90,23134,7,end,23223,-4,start
21352,5976,-19,end,27327,-44,end
75,1341,-4,start,1415,-53,end
84,21857,8,start,21940,-7,end
25563,1311,26,start,26873,0,start
1517,348,-4,end,1864,11,end
